IDW - 4,,
Early,Late,Final
45.95280416,54.77447489,25.44090555
52.09232115,49.10720262,28.59624989
39.22850214,32.42939776,21.02106389
36.71721485,37.20117916,15.73407336
55.76738436,53.00511553,40.23477839
43.89308078,41.47174022,24.63273166
36.90987876,33.31615068,23.69684154
47.52115843,41.64913922,35.4224427
49.54610198,56.70833546,38.7882364
49.04300479,46.84020649,25.79414522
28.03616334,29.20901356,31.31586994
45.77716583,45.75837237,26.6167352
34.82374469,31.01522216,19.19878164
45.84050277,44.35764138,25.35880205
46.96050331,43.80270001,40.96709182
65.43421448,49.1723306,31.66409789
41.39980084,31.18949628,18.55067038
60.16668735,59.61454773,51.79395545
39.54592611,37.4900646,30.07387882
68.8638803,56.87686222,48.98370076
34.34785952,39.08216543,18.24978496
53.27411045,40.7079549,33.59768031
67.6584629,63.43830529,21.67422505
125.7780852,101.80519644,30.40358169
47.31366527,49.63886236,44.2255858
50.37912669,45.82373972,28.4547276
68.13643182,84.95192285,29.67780479
58.65904752,47.52559871,29.19229814
51.37305749,58.67181959,44.95459615
33.8435549,33.13143061,38.06779795
33.84863071,45.83423959,28.21426898
35.10525845,28.64572789,25.98871572
60.2311151,63.3801234,55.9397344
46.28157024,47.56688205,26.55563645
33.96019142,30.10934894,28.59312676
50.38241578,42.85826342,22.09287375
48.82771329,41.71860228,42.14034607
56.70442794,50.99575865,28.83200219
34.35820928,38.62385946,31.45803453
19.82948866,30.62158617,19.52546393
38.68538324,43.25349907,39.41041974
20.26411517,17.8662943,16.59524996
52.26968803,54.36893658,33.232281
108.96699338,99.02463727,26.19695791
46.4698372,54.48352668,43.77166881
39.02074055,48.26491477,37.08673706
96.40100584,89.22726636,32.7922436
52.81173693,52.48357028,52.10046992
20.97408953,18.49379943,15.31687384
35.23890949,36.42338162,24.91910426
27.07286539,34.23322509,28.61434456
29.7809973,33.79786588,16.95110326
28.77092872,31.6646767,26.09786452
35.1950874,37.10631651,33.17758417
31.31042799,27.21490722,26.56682056
19.08812207,21.21474451,21.99750961
43.58871166,37.39200326,32.69967236
32.07546248,40.05350331,35.8098793
29.36487015,28.98585606,17.09881981
50.74451,63.50178321,49.26962845
32.45762497,38.1167648,36.21547093
66.98626822,66.86315172,36.06615187
74.51095983,67.08804313,40.22810601
34.61073255,35.77804748,17.73733977
21.77393615,20.81768264,19.9757596
18.44864589,16.36775241,15.66056146
60.6650231,56.02325423,22.92242374
87.07098615,77.97958207,28.80359903
34.78726183,36.17892142,20.27372764
32.36098813,25.21659669,26.24292557
21.62555809,23.48074814,19.48875657
62.35124727,59.5669169,26.73188661
74.06158429,68.15168298,25.36594396
85.91212579,78.85874582,15.46437886
27.57989335,35.29602611,26.71329688
80.83572208,73.6911322,26.09792324
82.29432484,82.20635944,24.43315033
100.68821427,87.58243767,26.73358707
102.88444682,82.99305753,25.81045741
87.34614784,67.37653685,22.80813003
20.82767262,24.29594441,17.76798889
62.183271,53.98502701,34.4343236
59.71798607,59.24209379,33.2921168
95.14071202,72.7105294,24.95186429
55.44012165,61.64909213,17.33199175
54.52980977,62.02719865,21.90178473
57.0266863,52.32756809,21.31248041
102.71053307,94.49925546,27.98774204
64.21740437,83.94137783,31.00285906
30.39525056,38.14778684,23.74267285
63.83933103,72.74104005,27.96903298
50.9951301,70.45159829,21.84974406
27.32034044,37.3329161,16.13702961
22.19194048,33.32062187,16.67138127
43.90885369,48.88484336,33.00118123
11.68162301,13.6260139,13.17014639
12.88203647,19.70582557,13.27462924
10.30188477,11.12825719,9.82329674
25.44134144,30.57723593,14.44415204
17.49226693,30.9005368,10.51611323
34.78647893,46.18631079,8.51171503
32.63600971,35.07829587,7.72892879
18.58674186,17.75079233,26.59231776
31.9655363,42.54326815,20.21360266
19.61153299,21.73719229,6.99378692
49.74985182,61.17037115,41.25547148
101.08582322,83.2021655,21.59183978
16.46849887,14.60402279,22.35552122
36.34749825,56.17686114,24.77294105
38.84721856,41.5428348,26.96707484
85.80194873,80.14428564,27.12482785
55.03872877,51.1678888,18.4137285
39.64217687,47.30349124,24.63976473
47.93029793,57.39410254,35.04791427
54.77325458,42.27585492,22.64901874
58.1358059,41.7446513,32.64602364
75.54209084,63.98407682,30.07777805
69.24188148,70.89840114,44.23711182
23.94705021,35.31091184,19.22109359
56.71183076,44.25427495,32.7797538
70.17129797,61.43197142,32.71532327
95.73711066,93.23963254,30.61347257
47.29008251,50.44756603,28.72240314
18.92696799,22.92640392,24.93839753
46.8237998,41.3998073,32.21188254
44.24530136,48.5108829,28.41334383
36.16588353,42.69673105,33.57547771
75.30794195,62.64771991,19.89596551
19.61469162,21.53743749,12.53365243
35.5238529,39.71620013,46.93789119
80.33217495,92.61783146,23.846522
84.30968011,72.56599771,30.64345512
54.80955115,46.18507379,34.45193264
22.99476016,23.7339569,34.55679413
85.3090534,74.86803135,24.69922647
35.24617555,40.91101264,39.41158885
92.75129683,81.2215074,37.27515757
71.038498,67.69192931,27.40600803
92.78996738,99.90776916,28.06513785
64.0136352,45.23672449,35.30651897
30.33947488,26.62735008,28.77493563
19.67860483,32.10632167,12.08341878
60.7110257,51.33199498,49.53703935
88.9255028,71.37382826,23.55520833
23.19037204,29.01672576,34.107838
92.31773904,83.04190221,25.9175868
54.64557957,60.05285626,40.13521393
16.24146669,12.61060674,10.57422772
29.18692082,37.86646824,25.01106994
39.55853456,43.67956794,25.02365357
27.99427867,27.54485376,15.49965275
34.9777642,36.56020218,33.85415847
42.37457453,61.11458127,22.44135524
44.56150417,70.97292225,35.53323255
35.73945926,42.95828549,12.99669012
22.16204561,26.70619461,19.33550518
26.20013226,29.14359322,20.79686698
31.98995834,33.56367325,16.33143904
44.28048731,49.29371301,44.76906218
30.81456438,31.07095639,29.57110489
35.37899202,38.00441809,25.38145246
40.86193811,44.46808793,52.71909383
51.5359351,60.12126153,51.48013499
47.71799435,47.18752532,55.79116354
46.38757153,41.55649733,37.91036983
54.23467319,45.16932707,42.44867368
63.72173926,62.34636916,53.93271462
64.94633769,62.68800024,66.41837498
11.53577665,11.69837643,25.33291496
38.72040882,37.23653175,41.7640571
15.02026088,16.53102686,31.44616103
60.66031326,50.05650691,48.71842668
40.88813158,40.70307879,36.99961565
20.38921506,16.70900336,17.34020779
17.13498017,18.48044501,15.8998185
24.45299354,24.59364574,27.16141203
24.97389267,24.78995503,30.30640349
37.53009291,34.91168739,31.59436359
59.83486658,54.52322712,48.53595662
49.4748248,49.73488044,42.43628434
40.68493706,38.34684113,40.24479124
21.155403,18.15146502,18.64885415
28.94465111,26.46008754,26.83868155
37.3352187,34.88422044,33.1609615
17.44438339,18.10250378,12.90160177
56.46264122,46.13520512,39.57297178
28.8342895,32.26696291,42.94171634
24.28629611,30.90054208,27.81675485
54.07386604,47.36230759,33.78029508
21.31992231,23.10638114,34.57914497
14.89069955,11.80734242,24.62372231
25.82519775,23.73662806,36.30833295
62.22165893,65.38073761,47.74173875
51.36555417,54.45951175,34.88254114
54.85482152,52.57326761,37.88295519
82.16357259,85.34100924,56.83398453
47.97973695,45.40731255,36.37942175
58.04896645,59.60531573,36.18350352
21.78882852,22.26169002,22.98155929
26.09294526,27.50993053,21.27110266
20.868579,16.01242423,12.7785171
41.47904815,42.08100546,36.74404542
59.37367918,45.9604332,48.77931866
73.01860282,61.75491048,34.57410406
37.26943728,36.45473615,39.79794164
54.01721284,56.41389831,42.60818372
25.80622286,26.57695159,42.10494734
38.40707559,50.12524047,46.61899578
51.86296224,57.74729816,66.19799752
38.46539061,43.04446378,35.89897328
39.71539937,34.95421274,35.35360881
38.78945152,34.86412732,39.39282871
44.41549814,38.84620194,35.80173619
31.85418413,32.56171648,31.59508073
50.45076674,51.95967369,41.26235883
62.83638017,53.29779565,66.66583237
45.61116225,40.16258172,33.49677434
71.99077334,57.64064569,30.78779754
70.25878111,55.43685161,47.98400925
57.92736609,39.82487717,24.78114222
64.02869308,48.61786612,33.65030408
53.72881711,54.42515871,50.06650205
59.62360148,49.39755315,31.49302396
55.33670135,46.12509147,28.73035165
72.63586243,58.20714596,38.61875008
86.59086378,68.66241647,23.24371023
70.87492754,64.96550718,57.68956845
57.72947052,52.38230897,33.39363802
93.44912697,91.50315394,84.04600299
42.43085112,40.85858482,26.77642734
51.08338785,50.09337212,50.57542476
38.15311174,34.2928096,28.18541632
101.18210912,97.69628662,101.70527964
63.03376245,60.94048965,58.16516457
31.9385757,30.16586771,36.55972031
194.83888778,187.65464992,192.7055467
48.50780349,46.92357534,44.72636099
63.5542107,63.6951016,49.76821016
64.90661556,76.02449455,53.44560362
47.58255196,51.32092513,52.25982953
23.340896,18.18541855,29.13234378
19.25144926,19.05403513,23.81689545
25.36879752,17.66966451,18.23386626
32.02042954,28.25591161,21.59816702
26.00580566,20.57982513,17.53239472
18.90744944,18.42974999,21.79429049

IDW - 3,,
Early,Late,Final
43.8507999,50.68984185,24.0803499
49.10526428,45.18245958,26.34681027
37.16217931,30.02147976,19.68029956
32.74588919,31.98781195,14.80821399
52.84236935,49.79344866,37.50641021
42.28877546,38.42097981,24.7230329
35.40955497,31.75544512,23.74329574
44.94202342,39.93477634,34.61280894
45.1443565,49.71006421,35.20033036
46.16645902,43.86125058,24.573045
27.38946334,27.20937792,32.12912111
42.4225127,40.41291439,24.20639361
33.46964836,28.48799426,16.86725555
43.57236933,40.8249025,23.8887897
46.77959233,43.37876871,41.84505257
63.17553695,47.33554224,32.45660738
39.23473439,28.39419242,17.65417486
57.72517766,56.91476891,53.16609097
38.75155911,35.84812416,30.01719352
68.79980503,56.8234813,48.9626905
31.66096557,35.95930768,16.81019776
52.73408282,41.04087429,34.00298094
65.2294077,61.05421318,21.86684073
121.07363348,97.54552834,30.50938084
47.32235258,49.61893653,43.734078
49.10220532,44.58582474,30.36969733
63.89684859,80.34492661,29.3489803
57.95510793,46.55893147,28.78228415
49.24041223,56.46407743,45.72937189
34.76437208,32.26622434,38.68613929
31.66643044,38.66658588,28.67804208
38.32233699,30.82081666,28.03761558
61.10779336,63.30837143,57.96144867
42.2940903,42.80566338,28.12500423
33.39830912,29.25537268,29.62404682
48.534285,40.65027458,22.80479242
46.65564677,40.40203086,43.82387531
52.5778203,47.10787888,29.84752677
34.06194697,37.56547654,31.1273678
18.05445189,28.46526031,18.59565176
39.57283489,43.38711713,40.06427835
19.64628236,17.05828584,14.82965326
49.77538821,49.99459367,30.21113578
103.0894834,92.82520302,26.59893074
43.83450804,50.39945246,41.90464558
36.55597945,44.52966695,33.11171143
93.58796833,86.14304508,32.45725598
53.63562898,52.57057602,50.80479093
19.44294688,16.53332907,13.42078822
34.02674876,34.81495975,26.35993227
26.05585491,32.15593344,28.47928689
28.55892312,32.1503126,16.28754023
29.48234795,31.2423686,27.63458327
33.96854621,34.79168879,32.64276729
30.8037957,27.10731007,26.69070862
18.82014631,20.78352726,21.8344896
43.27578146,37.04297676,32.71029988
32.39800928,40.61689533,36.47403633
27.04428797,25.75812649,16.08550449
48.09195816,58.14023084,48.00193959
32.78665095,37.77473749,36.67554408
60.40185177,59.71123556,32.69824045
69.66655256,61.92499553,40.09702333
34.61041057,35.77745973,17.73703841
20.28129962,18.86956967,20.10251708
17.76900424,15.51690451,15.61899445
57.77080529,52.29780801,23.80926527
82.94745049,72.56249494,28.78557583
33.36523417,33.52093996,21.45525419
32.082766,25.28420873,26.65958598
21.92485452,23.45020715,19.85803851
60.43547995,56.84949533,25.78684799
70.45746131,64.39005352,26.70454697
82.43083365,74.62838309,15.02634873
27.12205826,34.50777717,26.03031184
80.01722081,72.65650862,25.91658631
81.23790939,80.12650886,24.25516846
96.26025403,83.03946174,26.49966496
98.30490547,79.87332634,25.62784697
83.03768744,62.55045543,23.76837168
20.47465881,22.59860732,18.16247227
60.27906933,51.60836046,35.24497493
59.45966374,58.94660573,33.29827153
90.34096122,68.17711801,23.44675774
49.10920193,53.20799845,18.57698075
51.77717345,59.0222608,21.08127889
53.79221461,48.66046054,21.90986607
98.7176131,90.34196542,27.66785483
61.94139107,80.80219118,29.98481486
30.11989079,37.83986525,23.58662364
60.33537425,68.95800148,28.09141272
50.47496462,69.76558197,21.65649872
26.71984654,36.36188017,15.67477398
19.78282473,30.78120399,15.47784121
44.01830113,47.90905931,32.86197864
11.08338657,12.20001086,12.00754091
12.22348905,18.68187813,12.43195536
9.7842369,10.73009531,9.67135341
23.64615488,28.04313208,12.9534714
16.20382001,25.5969495,9.20144577
33.63887702,44.44263517,8.56453784
28.7133341,31.80773932,6.92772266
17.8820659,17.15864831,24.69935989
31.89773765,42.43916272,20.15839709
18.98583534,20.70453104,7.78233334
48.16347191,57.52388792,42.75988689
100.61514015,82.77159596,21.50330483
16.41759744,14.56080216,22.12210151
32.13380108,46.87160379,20.96350259
37.89452579,39.46705995,27.08145042
83.7189061,78.14673254,27.28731207
52.43642642,48.3671498,18.78141672
37.03330806,42.73643553,23.81479953
46.6050616,55.00355083,34.10360452
52.26374965,39.60932896,21.99218742
56.21433633,39.75848593,32.26415856
71.5399397,59.42712543,30.25027559
66.77393496,68.32925269,43.82369476
22.52576185,31.5152874,19.36506586
53.68596054,40.73503625,34.48220209
69.65831829,60.83595178,32.77404737
95.33694245,92.75624309,30.53493324
47.17960665,50.28930724,28.72626706
16.61213232,19.70675655,23.11902059
44.71949633,39.25357425,33.35386526
42.33864101,46.76889058,28.55334317
36.11818559,42.52311985,33.72790646
72.69360948,60.55048253,19.21849189
17.36946769,18.84198882,11.63433664
30.34830551,32.59828902,39.29597804
76.90838522,87.68894203,22.83637671
80.37377358,67.44573214,29.35256632
53.01182386,44.7903433,35.32938487
22.34755282,23.32408186,32.85341246
81.28493917,71.28657997,25.48073252
31.93768583,35.59336956,34.5685819
90.2396962,79.04057351,34.74526833
69.1652453,65.48598226,27.04776164
89.59200263,95.85471539,27.61950913
61.11547399,42.82412365,35.8452938
28.45280311,25.65692841,29.63572875
17.67122523,29.24666719,11.42483159
59.82329342,50.63292052,49.01328234
84.04274044,67.77324134,23.33203971
22.31913138,26.30680145,31.87915865
88.62218716,79.45867558,24.888207
52.85705657,55.17450774,40.61313383
15.28397439,12.19869659,10.68636918
26.70401334,32.52025864,25.61313069
31.93487683,34.73097595,22.05624353
26.17651066,25.40672573,14.12477763
36.0582668,37.34249764,35.04946083
34.56229256,47.95366959,17.94839283
39.23169818,62.01538676,30.53474372
31.69267599,36.65283986,13.13682795
22.26001256,26.01790524,18.83672496
25.0726552,27.70788702,21.31177597
31.9580002,33.53541468,16.32112917
43.73102123,47.4180089,45.68117086
32.1171531,32.13773474,30.69798895
35.6392502,37.83112645,25.87517891
39.06811149,41.77866715,51.02400992
49.92060104,57.91376788,49.7316457
45.99402905,45.38332947,53.4753685
42.66864125,38.50750659,36.41057954
53.90257156,44.94335462,42.28499434
61.08790756,59.918904,52.36388433
62.60974365,60.89756131,63.54896553
10.58326632,10.85693707,23.70350619
36.88111796,35.69469368,39.43807635
14.90859439,16.39710525,30.87653513
54.349421,45.37344198,44.94443171
40.8940835,40.71005208,37.00716182
20.29185419,16.76832657,17.57721292
16.99552439,18.3076538,15.59555346
23.65289696,23.61101899,26.25299704
24.81911327,24.99347427,28.72922506
37.59743232,35.01983641,30.6733394
62.10721791,57.24696813,51.10230529
49.32827038,49.52921922,41.9450272
41.47107211,39.13783609,40.19518956
21.8987787,19.1875852,19.0479749
29.62181601,26.90572905,26.43250211
37.8583206,35.78857217,33.74760079
17.41004058,17.55501766,13.52471341
51.66430587,43.86015482,38.30472455
27.92111417,31.27598121,41.01301303
22.80948995,29.13703025,26.71038466
48.73037681,42.77783345,31.11862447
19.77997256,21.42685992,32.1466608
13.86362248,11.02374997,22.55852387
24.94785706,22.80916704,34.92344254
58.41028501,61.73664945,45.42977673
48.752775,50.81665185,33.12392007
48.92575543,47.00140786,35.87892772
80.77700584,83.75160245,56.03170718
47.25997102,44.68124507,35.56097597
57.03214709,58.61906111,36.00372576
21.66975917,21.69196624,22.774472
25.2410877,26.47128823,22.02837953
19.88497022,15.49845618,12.31640582
41.23679997,41.84709171,36.67153964
58.50155921,45.316243,49.55995775
69.50538548,58.62533172,35.00915282
34.81369771,34.11353402,40.33874673
51.76853843,54.97605721,42.64549982
25.13326902,26.43898033,43.6443478
37.77550441,48.8703027,47.3853949
50.6922647,56.87779733,67.27395864
38.40819592,42.96333003,35.89618452
38.60592823,33.87871545,35.64794682
38.13756767,34.24494102,40.1117498
43.10287405,38.09804556,37.59186335
31.80935938,32.19951599,31.90539677
49.13726132,50.24342614,41.5045197
62.84468577,53.59533094,67.22359659
43.89306794,37.50975933,35.25488328
69.72585347,55.35314209,30.11926268
69.28382735,55.36545731,48.10058756
55.91894314,38.34833364,25.14253128
61.08858192,45.31921522,33.47578107
51.57167597,50.34229164,49.77752721
55.37947806,44.84372399,31.32558864
51.91685409,41.21569579,29.7072022
71.39215387,57.04089342,38.3389108
85.12210486,66.94167718,22.48660849
69.35407484,63.92626513,58.50355437
55.51265829,50.4536738,33.45590239
97.36455507,95.74231147,89.50470869
42.86950469,41.45938106,27.22369103
49.35319831,48.00583741,51.2188099
36.53971413,31.40480658,29.22241312
104.2426411,101.68802399,104.19846472
67.51608137,65.59518901,62.71331158
32.41845899,30.97283269,34.31589188
196.82401097,191.97586791,196.01433652
50.4638271,47.3224557,47.38802663
59.78698912,60.47444327,48.16857262
61.70183489,69.22363885,53.94400077
49.80243633,51.32693518,56.05697513
22.43326908,16.43908101,25.52599673
19.13726844,18.92228489,23.64244414
25.23481063,17.61107239,16.49545081
30.33848725,25.83743531,20.8070057
24.97966974,18.19528986,15.68111097
18.82351238,18.30100959,21.5922272

IDW - 2,,
Early,Late,Final
21.89573881,20.93744234,19.82575717
24.92827007,21.38369557,16.25769979
20.17710213,19.53492573,20.13429366
15.95721194,16.7541974,23.93948231
31.63401697,29.82174586,27.15801944
28.57442313,26.92229375,29.17962824
25.97908117,25.83258819,31.14318826
35.13551666,37.27225482,38.49104857
21.26920007,22.92827333,22.28497371
23.52521701,21.46100412,19.62754894
35.69276406,37.14198258,47.19710809
22.06809249,17.88462757,18.53032977
16.52433078,14.24586768,15.75438496
25.63988086,22.54177138,20.50325782
47.58775051,47.35309103,52.99470934
37.99995612,31.37472342,43.52700883
23.84277351,23.54068637,31.71638977
58.8794109,59.49221567,76.12519753
37.87052704,39.2289668,45.26428063
58.51762809,48.91444947,47.65588022
16.42710274,17.52815638,12.14344221
42.35071788,37.53778841,42.69981203
32.89887784,30.62450049,30.13574903
70.81242519,55.95068407,38.31303234
43.73782077,42.33620067,40.97126838
54.03067138,53.9073822,51.4955146
33.4614447,41.73672539,24.81749371
35.0049801,26.01231394,30.75774882
46.46962133,50.11766379,62.0260321
44.84114876,43.29859383,50.39312525
34.02486742,33.98413269,32.87908082
62.5303687,59.58489267,54.44736362
67.69371115,67.21160636,75.86954334
36.85379518,39.03421483,47.98332093
40.99477749,41.64455879,51.52363044
32.05509162,28.97674876,39.24814205
48.91183068,51.79763021,68.45930218
41.37525971,41.4549799,46.24184853
40.69480335,44.44858053,40.12078327
9.46416633,13.95728277,11.11658252
41.39004896,43.00288115,52.22239759
19.65090849,18.42049057,14.0294094
42.47725638,41.16496005,37.68919288
50.67232987,43.00124535,33.78201489
44.92574204,46.22199389,51.2580423
39.51381369,41.82016515,30.11592462
57.78413142,51.90852772,32.53856553
67.81868467,68.04235065,61.65870596
16.3590664,14.83903649,14.58058098
35.00538268,35.85237892,34.96951855
34.88029111,40.1858413,39.59318529
20.71139355,20.61059333,14.77665229
35.78953346,35.7851885,36.29513108
38.6208414,41.40422822,46.23754989
34.62054302,36.25310777,37.28605572
19.49617444,19.60034866,22.17445274
27.93481608,27.28312006,39.01771142
40.92248174,45.85180899,47.63114158
21.92410973,22.12434406,22.51224326
44.45291206,48.80973187,51.02767307
35.05399187,39.63749121,41.56843931
31.27281358,32.10099797,25.09644991
41.6461466,42.09835054,53.13123764
34.31741344,35.41635848,17.54977578
23.07136386,21.82630475,26.46255638
18.70881292,17.52097473,21.57461049
37.52593839,33.52875689,40.83575878
37.10678199,27.75194287,44.3358015
29.54523114,28.5077371,36.05121153
33.53812259,33.89704235,39.98709217
27.46116375,28.32952888,26.59358745
33.87107429,29.73231072,31.82240655
38.14236969,33.69881478,40.41094909
43.04560321,37.60075176,26.65427967
20.07428384,21.66444367,17.21176936
51.47587815,43.7459211,30.09118374
48.11357432,44.06991007,28.95685889
52.87707986,42.60279297,32.60190272
53.68973934,42.82282789,32.86021425
40.42855017,26.54366671,37.34314712
26.74771965,27.87567056,25.15451028
38.02544887,34.22981496,50.00862401
44.06633443,42.28222435,38.01179486
51.27615774,36.48142383,30.53122703
30.6650753,26.19622694,40.25841646
25.47125081,25.60517402,25.49181637
31.95898752,25.11414363,34.41582823
54.07277282,47.79246353,28.40946716
34.64745798,42.52611067,25.83078241
21.21959722,25.64765224,16.3922836
34.73120969,38.27063747,33.49744404
29.91508921,41.36790151,19.09652121
19.75210029,23.40670229,14.64504399
11.53509159,15.55084962,8.72964398
46.63858223,45.55561054,38.74515742
10.61115067,10.10887609,7.9789839
8.62673289,10.63058698,7.87816563
6.94048637,7.09690829,6.82883487
15.42499071,15.58011073,10.86480375
10.8352514,12.59239176,8.70679361
19.50750045,25.61876075,8.89739641
14.04331885,16.3528406,6.3190817
15.47019573,14.82282124,11.87155291
27.48051257,35.45600948,17.17874512
12.880649,13.62502732,13.03448785
49.89649299,55.0213459,62.28604549
72.04176694,57.53376273,22.9629586
19.10730451,18.18873743,13.16388478
29.33367285,28.65462184,28.49644286
49.14363001,47.63246863,45.82585217
47.6948035,42.41722351,34.67584673
32.17035145,28.65435748,32.68521764
24.94339,24.32910886,26.90100028
46.36959569,45.82379088,39.47686755
30.53930553,24.63451092,32.69546348
32.96931598,27.66380685,42.455674
44.34816391,40.07316539,50.70596708
48.64840572,50.81474712,53.13546269
22.98284237,22.14939944,25.23165727
45.89418799,43.20718008,58.46354163
48.55322978,42.35897545,40.19143069
71.30679385,66.52559523,32.14959939
37.67236029,38.26796192,32.00923523
23.037024,25.06734043,29.32996005
33.24828317,36.78051464,50.06010575
34.2383399,36.02401388,41.46210785
34.85299174,38.81924092,43.41863799
43.26624477,35.8072431,18.36420602
13.54812837,13.77545424,14.75556326
29.05151266,28.57663258,25.95122223
41.42544612,43.57712203,17.25767693
42.53499653,34.15459617,40.97589652
40.20839538,39.33530691,48.73196878
17.10718322,16.8053201,15.11253648
40.55298826,33.74551086,39.95736095
39.4160941,40.73777696,35.99134237
56.21476882,46.22387069,43.68070998
39.58362874,36.63027045,29.33560842
48.79505884,49.0324704,36.99092028
43.36262909,38.15979357,52.1970758
28.01119627,30.79432574,44.3015494
12.80574207,11.38012815,14.13415958
35.02461848,29.3735688,30.61765687
46.28338356,35.75929285,28.65442608
32.39378573,35.61461146,37.84800024
46.24258543,38.59596283,29.28228456
59.41486314,54.79253644,61.59133907
11.5558774,10.7361615,12.17020606
23.66559178,27.38511052,37.44039849
20.17784191,20.28626443,22.61525733
17.54444059,17.12520396,15.68597033
42.41074379,42.07051271,40.49348247
28.07498549,26.86548793,27.67330668
24.1021193,27.97716914,21.80409092
21.67854119,20.91799995,23.13832226
25.60162112,25.71659928,23.15795357
28.25700422,29.22908559,27.50767248
28.96782313,30.80963727,14.99656446
49.64535118,49.5735826,49.41766521
38.9206918,39.13401469,37.174384
39.0842283,39.14764851,34.31612037
51.89464952,54.8910652,52.3764252
28.93717814,32.30542925,24.77789647
25.7140328,25.68461231,29.31834929
35.36647813,34.6083614,35.68930021
37.17215161,31.39025498,30.63611732
28.15687916,27.7740438,26.46786188
47.27209455,47.60962028,47.14616528
10.3375637,10.06862011,13.71422298
30.87568389,30.76607188,28.81564302
16.01060841,16.87342154,20.3033118
22.71172878,19.03945048,20.96353501
41.80885426,41.40094266,37.81866466
22.30022473,20.39356935,19.3533575
18.52669533,17.82698364,15.78317069
27.93796029,25.85454793,25.49357656
25.36614694,24.16227107,20.55975152
42.87962738,40.69294463,37.10209396
73.8942313,70.72759247,66.70963697
58.59546031,57.15624161,51.73658756
49.52716061,46.94077933,47.23170248
30.11798051,28.13592743,24.72911209
39.77919001,36.42911659,36.05875133
50.75265417,49.07442899,44.98052542
22.58247084,21.43305294,19.5975301
26.06172618,24.53020095,21.89243101
23.56449937,24.37496254,27.76799334
11.34262253,13.70582869,14.18516844
24.71782397,23.20116637,15.21076893
15.8145333,15.83307747,18.77545297
11.67548884,10.59546143,12.01822642
15.7453513,14.22983553,18.98860467
30.96466004,33.10432481,22.84578905
32.22111595,31.58022447,25.73381447
31.25518524,29.87873052,26.04234344
54.36110959,53.75954947,42.37811048
31.25957668,29.53704456,23.36772134
39.09689341,40.18011121,42.06658955
20.29928382,19.66811917,20.85872812
23.1076724,22.87370833,25.8602625
12.92214444,11.27153683,9.79169651
36.44453447,36.90561572,35.71199215
50.61123901,48.71862464,71.04619237
40.87775208,37.25170446,52.53196386
31.71418968,40.79511953,60.64881465
48.00820303,53.94266425,61.45196706
42.63516166,45.54878721,62.063557
46.52349816,53.28233695,65.22546088
63.885834,67.52474618,89.18429032
32.38194219,35.38002261,37.28689297
29.95269467,28.83172455,50.15856656
52.06277569,52.88616639,62.63736938
43.81910354,46.68272868,58.69316337
34.02041552,35.00250926,46.23016824
37.44058044,38.05312245,55.02699699
70.82918811,68.55203017,85.6937874
37.09213323,38.38644267,55.55559629
44.19999801,35.99981126,35.20993308
55.8638723,52.88458175,59.64983745
36.3196408,32.10671078,42.25442116
41.84795016,34.75984407,45.95624082
43.88091252,45.91569919,64.25198174
28.57959957,28.78173634,43.83014451
36.12602248,32.29302623,49.23415591
50.94677919,44.51010656,45.2346458
46.24119993,32.13321828,25.88825424
56.22763906,58.60729174,71.60976178
36.40681134,36.46896716,49.45970426
119.86061302,119.75916309,114.66786133
56.03822134,56.08335625,45.61520244
51.95145771,52.03205117,62.79025443
36.36959785,34.13253067,43.77283622
125.16108572,124.49569629,123.44459236
90.49777618,90.29009027,87.05598598
43.57562591,43.58169164,39.47641123
214.56544516,213.86619714,213.43732227
72.59161352,71.42732781,71.42684486
58.89776073,59.46310435,52.48668475
70.69035986,69.70255076,71.36802648
74.05075509,75.38090096,78.17432542
15.45333008,10.70755822,14.48417631
14.85196269,14.6358064,17.38916597
17.14291744,12.65697896,9.8163299
23.02098013,20.04231409,18.13715692
17.89618925,12.48227683,9.61493928
15.56754432,14.27080217,14.69797742

IDW - 1,,
Early,Late,Final
42.38251671,44.13788419,47.10856773
32.11580362,33.58454029,36.41549326
39.33834548,40.81825433,43.83908686
44.14241259,45.69035534,49.04969553
35.48329114,37.0956987,39.51142133
46.18597207,47.66902275,50.7414987
48.85993129,51.04210738,54.15096642
57.39734995,58.73113247,60.82814817
39.82996238,41.15525969,43.58452047
34.27256778,36.16854062,39.12764724
67.00473235,68.51302418,71.76576871
34.19162117,35.79889461,38.86514816
38.17904657,40.10372761,42.93431194
37.79860287,39.31507312,41.87342119
71.4899561,72.62813679,75.14457698
63.13156979,64.18323586,70.30554985
61.91487239,64.60132481,68.60054714
117.94023082,119.36181852,123.51230822
82.96158576,84.7389266,88.22019526
85.68084435,88.28850973,93.09689129
20.35960264,20.53113267,22.81435883
59.67317508,59.89395472,65.69298237
54.47529954,55.8130514,63.31451542
60.23484132,60.69615357,68.03985338
84.78145627,85.87024811,88.45610732
91.89313502,92.56708485,94.13190151
33.20825599,33.02152632,37.09460914
84.46074618,86.35824828,91.7989047
94.09489716,95.15173032,99.54460654
69.89423298,70.7642601,73.3938172
38.43789787,38.69112604,39.94211021
88.9313924,89.66797455,89.65820272
95.27543206,95.68761508,100.34780991
81.00112281,82.34269807,85.67933047
96.60921417,97.63310867,101.24249243
64.47774117,65.99239109,72.15530122
111.78658236,113.39841159,117.31060942
72.85649457,73.83875696,78.57521303
66.606377,67.63536243,68.22530887
13.29990704,12.40199154,13.75400923
77.09384564,78.43907992,83.78765945
22.98490257,23.72955477,24.17886853
68.76709104,69.78015553,70.41227993
51.22403953,52.59171603,60.68935294
90.67746357,90.92570178,93.73738611
65.85667314,67.11835902,66.77893661
52.74373989,53.64876114,58.71688838
92.07151142,92.91723542,92.88083545
20.68599597,21.38776495,22.39767651
46.60791824,47.40670294,48.23630691
65.61369288,67.20454435,68.03947922
22.72254161,23.16917155,23.60980891
45.54958488,46.48086299,47.46414664
82.9072092,84.50477824,87.24415913
59.46490666,60.77927442,62.78887141
22.96701882,23.3315156,24.87479681
87.32931531,89.99264757,94.76545557
71.3349346,72.64276405,75.35736787
32.40104143,33.30834581,35.63499273
69.29898986,70.51919863,73.39363631
59.22393938,60.84368864,63.36033914
51.95016693,53.54865524,56.89018283
84.50174411,86.75980858,91.75891764
39.23136067,41.09008629,44.48575755
30.1814599,30.70987818,32.29956668
25.04124876,25.49890731,26.9830781
71.41696978,72.92142588,78.67211636
81.28407481,83.98695547,91.11632595
57.68808609,58.89503506,62.93574754
58.53002998,59.66214989,62.67587979
35.01621023,35.44147985,36.83574006
61.55988298,63.28512418,68.81114432
66.43348987,68.62484714,75.74142972
55.12507981,57.46354729,64.21375035
29.5281027,29.2862616,32.05270081
59.04799626,60.63688445,67.35844417
52.9845497,54.94296486,61.88645552
58.0891503,59.69728299,66.68433862
62.95749601,64.61669634,70.99554404
56.19158877,59.2822042,67.86956603
32.56994532,32.87048322,33.92945802
72.9704923,74.09107499,80.23410447
68.30865168,70.21470508,77.58814902
56.82687441,58.38771491,64.46035153
64.98587781,65.9244157,70.80427924
45.14648369,45.29463799,51.47329875
51.37441638,52.23050885,58.01458999
55.73474233,57.95223151,63.90870584
42.15532988,42.23255658,46.34845796
33.59629657,33.31881779,35.6613633
41.85802269,41.76932241,46.48882881
33.46608616,32.91538163,38.11985164
23.81246619,23.26156276,25.80483234
16.69925687,15.90907578,17.86345952
54.59907677,54.04580091,54.17415271
14.41481423,14.23655691,14.0414719
13.80151663,13.24934879,13.26108672
6.43777296,6.13600641,6.73624667
16.98626247,16.41338695,17.4215828
17.38726194,16.92497219,18.09662112
14.68754899,14.11817027,16.1016802
10.30964303,9.8943032,12.13977797
30.00113143,29.59270906,29.54193893
20.74648663,20.26160182,20.68298559
15.34370108,15.39279274,16.60959935
97.38850971,98.86668681,102.50760422
45.30548833,47.37652618,55.283388
42.18122972,41.67067824,41.91754213
39.88426582,40.26602823,42.50969201
89.22759025,89.90981429,90.60237463
60.63537035,62.78650179,70.3939353
51.68280678,53.09801969,58.27657792
46.68933098,47.84684537,51.48491207
91.35784967,92.55733555,92.82625312
75.11268537,77.59238139,81.42898728
86.62873513,89.83761512,96.02633223
93.12504834,95.52415753,100.85746326
82.60114386,83.73426602,88.35482062
35.11676218,35.92783885,37.65445796
94.95924244,96.46251065,100.84075589
72.25827037,74.62190639,81.59024864
70.75111768,73.07072265,80.13246844
89.15772268,90.70831048,94.27265195
49.16375833,50.20332073,51.71501885
82.58455493,85.29111801,90.4894473
75.90797703,76.69789511,80.67367405
98.63592532,99.84161108,102.91136967
42.19099856,42.03628859,46.65355347
18.48560117,19.04751213,20.16705821
55.47782889,56.84924424,56.3611478
29.16053558,28.5269654,33.38970708
83.25628435,85.00823145,90.47268505
98.95539669,101.64071172,106.63104317
32.67080229,32.10496237,32.33755087
60.7287941,62.31951773,71.00124318
62.41643793,63.6586879,63.41825772
69.86638806,71.19078442,78.56878735
52.09495183,53.63722324,59.31867736
63.48527132,65.92465926,73.74514478
90.9981858,93.28882768,97.65665307
69.16208576,70.73252152,75.98958568
28.10803388,27.04747717,30.18563163
39.90674559,39.36058648,40.234452
47.72850365,48.05762849,53.52050957
65.77085016,67.22102458,67.09498559
47.61929853,49.64676032,58.73107637
103.7439318,103.41814788,106.44906396
13.94774143,13.86097001,15.12568248
54.40402096,56.23304529,59.69225321
25.50396027,25.88871746,26.9811784
19.49734904,19.92663383,20.99873746
44.97768186,45.49811905,46.78203283
39.89218405,40.47922608,42.57126621
32.92364013,33.30394574,35.02309414
30.57620993,30.92875585,33.21619457
28.66660782,29.02244492,30.4838201
35.11231646,35.4809725,36.48562073
35.29050391,35.45881998,37.48232764
60.99845691,61.16858898,61.83539459
42.61449661,43.06206654,44.44605992
43.27481609,43.58945682,45.22077532
87.29773587,88.55709315,88.19405864
54.16428073,53.64278747,54.40778529
24.66335474,24.42694714,24.48515547
72.68236926,72.26919859,73.00322605
51.66050658,51.09498666,51.94358429
51.4860227,51.02669001,51.79199742
50.97008674,50.86570354,51.42518713
15.14520341,14.50149825,15.77986337
45.68607117,45.24796246,45.84594682
19.54965464,19.34082688,19.45806448
38.07685169,37.55924054,38.40311811
60.65433793,60.32223147,61.2205532
28.03417797,28.09932046,29.14540983
26.76231164,26.31583171,27.42954555
41.34151042,41.05820627,41.73667103
38.11260163,37.71775975,38.40127761
51.92439306,51.85315344,52.8179025
91.46690551,91.20819441,91.97205106
75.91250405,75.53692582,76.17395614
62.05559844,61.62365488,62.79360237
40.61417567,40.55579658,41.53353693
58.51335977,58.14307483,58.83039045
70.70409685,70.33496953,70.77672313
27.10856775,27.13389627,28.25142252
24.22865805,24.03762939,24.30162498
32.35753014,32.06161342,32.9216276
16.07171077,15.63039134,15.22148779
37.5840368,37.14903235,37.89598009
23.11368332,22.71758524,23.22117012
19.48548402,18.94437812,19.46935397
31.02357349,30.68395228,31.14915384
33.58019915,33.01562368,33.69204067
59.9734368,59.28842896,60.36817412
42.49840532,41.80036916,42.76912678
76.06391393,75.01418608,76.81282936
47.2656914,46.54071792,48.08505764
92.55742735,93.23890806,96.51430578
19.66273173,19.43322516,20.93022474
29.16914661,29.01315555,31.16965813
12.42387197,12.07173513,13.49915048
38.89909804,38.60092634,40.02701181
111.3679733,114.1145449,118.73242273
89.33716686,91.44209803,96.65907786
91.89305878,93.88306299,99.51978283
97.91774143,99.86322889,103.51369999
94.6274734,95.64836569,99.22060376
102.36255986,104.38020013,107.91466813
125.49976142,128.02517131,132.66708525
89.52713888,90.80267961,94.40930651
92.56678603,93.59738256,97.25859823
103.54722555,104.48731926,107.41300433
91.03635244,93.0590807,98.02527294
93.02564476,94.33728717,97.58841221
86.53437209,88.1369108,94.59026026
127.66282044,129.67752793,133.81375689
85.69668877,88.7718179,93.39093319
77.79193138,80.27625342,85.53385363
99.54440146,102.04853884,107.02740815
89.60735817,92.08413306,96.6350273
88.25060219,90.43458946,95.84280147
100.44421158,102.91497862,107.23106529
78.65155649,81.24194194,85.32600599
87.44429598,89.70721414,93.4404535
89.43058499,91.512087,95.91182206
72.21093258,74.48792874,79.78782464
108.24031617,110.64155041,115.25180953
93.68169753,95.6308,99.82748879
142.85824321,143.6499923,143.66879391
82.54967229,83.44392615,82.94232555
79.27717881,80.76732545,84.49097705
64.56376736,66.15323307,69.9334444
142.71613337,143.48078092,143.85883249
111.18229627,112.02461813,112.10729525
63.55431463,64.11020799,64.05473203
231.22702827,231.91254849,232.40707765
112.57310419,113.55495611,113.94976721
85.72498496,86.38513799,86.9384652
111.89342121,112.73167093,113.68966972
112.06554047,113.26375537,113.68897934
18.18686021,19.15203659,19.601169
20.01074063,21.17124259,21.60195382
18.20144139,19.29604242,19.90297543
28.69484645,29.72512431,30.21936826
12.91907779,13.65763417,14.13441362
18.02136356,18.9920734,19.45064611

Lineal,,
Early,Late,Final
44.4430998,50.38046867,23.6983491
52.83372475,49.77423289,28.60668021
39.27468098,32.39851512,21.06685825
37.34846389,38.82337385,16.36133366
56.1489907,54.08267733,41.20161209
44.64105802,40.62764226,24.15289066
37.48586756,34.00090585,23.52618705
48.97905907,44.26272735,36.22515975
50.84306809,59.32932725,39.90177839
47.81752684,46.45132412,25.67873737
27.27879037,28.28464385,31.02175838
45.33027439,44.87936732,26.46819739
34.18877049,29.49823656,18.17878399
45.55097794,44.38203063,26.09649153
47.58166371,44.50551975,41.91308997
65.08193414,50.4184345,32.16609907
40.23284098,30.64755072,17.00650618
60.02659743,58.5430782,52.15461878
39.74645239,36.11755621,29.26849143
69.18523706,56.99034361,49.13150047
34.94631444,39.54367569,18.44865949
53.92517984,42.58731552,33.95969581
68.19891151,64.60540749,22.17490096
126.6586378,102.80828299,30.42208258
51.57820113,55.79073868,45.64133822
50.77835845,46.51102634,28.06441028
66.47296129,84.50119236,30.27988207
58.57488122,46.8512743,28.77091603
51.87779277,60.15132207,44.74167478
34.79758159,33.70776452,38.74680837
30.91758287,35.43763508,28.25556915
37.60416618,29.4135418,26.31534221
60.88013035,64.75317973,55.50811302
46.62581745,48.14395194,26.109822
64.97735202,49.48120922,27.09256042
35.19568953,31.55013169,28.98824389
50.7908244,43.16549808,21.8284077
48.58423932,43.12107225,42.31056444
55.27597963,49.00153445,29.23460761
35.3594429,36.58963812,29.98017409
20.41453194,31.01133222,19.85381682
41.3076557,45.86143663,39.69597501
20.31304068,18.08352841,17.02012652
52.15840489,53.34227194,31.58042589
109.70470996,99.93738576,26.32772763
46.93122138,54.96448064,44.5443126
34.74185605,43.55030371,34.63806362
95.18639693,87.65416257,31.36334486
53.42902781,51.65392089,52.69217919
20.06977072,18.32063247,12.66142593
35.87832838,36.76137421,26.23831063
27.70434723,34.81478391,28.77083315
27.61211282,31.25280336,16.3714534
28.94829757,33.13648283,25.81389174
33.64177914,34.76603704,32.45422976
31.74403572,27.72012383,26.48172874
18.63604374,20.18402704,22.48102046
42.8407429,36.68110108,32.62274126
33.11078858,42.50069134,36.56331158
29.27740272,28.76156175,15.7482312
50.98972199,63.73895992,49.85626316
33.31333268,37.83741605,38.04720459
59.66906961,60.19482771,33.16563672
73.96059131,66.04870282,40.12389784
34.63845335,35.70958628,17.64011676
21.65471636,20.94961698,20.36124123
19.46033629,17.31119549,15.93001821
60.76141154,55.37068934,23.22898786
86.75530098,77.65818014,29.59094719
35.77004319,37.8662619,20.21099515
32.2146049,25.58111753,25.66042205
23.03642823,24.24322561,20.24117494
61.58809649,57.03465351,25.21466514
73.43413609,66.50778486,25.29475881
86.04894929,79.10079677,15.20286811
29.10362705,36.38493783,26.8778812
80.93057891,72.97550656,25.72918891
82.5479482,81.38357256,23.85984912
101.11831303,88.09120855,26.86349353
104.38330125,83.69226149,26.22615341
84.12173537,64.43380616,23.64457129
19.94982847,22.06526869,17.07496601
62.25430387,52.75903132,34.60625293
59.35492772,59.00424559,32.94710099
93.11613009,71.08308527,23.50662847
55.6886304,60.58350952,17.15530253
53.60859922,61.8924623,21.76370542
57.75788731,52.93362645,21.22599657
101.46769194,92.66939632,27.34238571
64.08734292,83.45562449,30.92159067
29.73793543,37.04370804,23.33890053
63.91818269,73.0435674,27.93711548
51.38334862,71.15096781,21.63874992
27.30060938,37.25570374,16.47810806
22.76904997,32.98035134,16.60008683
43.70977595,48.33685006,32.88047305
11.52588956,12.96817958,12.91276737
13.34537741,19.9625659,13.22635357
10.16227913,11.71386379,11.42222869
26.24217059,31.30506892,14.88618036
17.61828129,29.42081504,10.62479397
33.65512372,44.68232416,8.85528942
33.18369249,35.60028947,7.72207935
18.31524117,17.50483011,25.94827781
31.94192965,42.37411324,19.8405465
21.1615779,23.58346788,7.45867656
49.22057526,60.47157127,41.23396367
100.4913101,83.25400767,21.60306756
15.67988846,14.09292417,22.26920454
37.35719426,57.75771754,26.40679317
38.17804084,42.09677704,26.24935993
85.52930031,78.64420349,27.21489173
53.4039812,50.15077313,17.91327538
39.07086488,45.25110536,24.35819651
45.98918961,54.01062147,33.92374657
54.02282448,42.06434699,23.49860546
57.56407469,41.19240378,32.51163783
75.84473126,64.10870859,29.81312674
68.43632442,69.47986229,43.43812862
22.07067033,30.66458552,19.79140195
57.45495024,45.37340485,32.43108255
70.41279645,61.80363349,32.88964723
94.63069718,91.51805652,30.65514684
46.43459044,49.38221146,28.95286156
19.8236174,23.58184598,25.21189642
47.0896435,41.90344675,31.89243894
42.81671024,48.19030417,29.09174127
35.95161278,41.44022024,34.77967288
73.03603178,61.84805143,18.92490506
17.67552325,18.52498421,12.02844492
35.4708153,40.1593644,49.04325003
79.97259146,92.13785531,24.01791702
85.60338462,73.09328876,31.67359544
53.77965303,45.2459027,35.11826702
22.65077601,23.5666692,33.05109871
85.36173469,74.91541066,24.37176007
30.57625491,34.73469999,36.08914063
94.1529641,84.43965131,34.64937487
71.26187428,68.08838007,27.54973396
91.67470881,98.82228886,27.52682168
61.46954316,43.97503058,34.58698629
30.58351594,27.03688937,28.80575655
20.16581858,32.54442002,12.22616254
55.76354332,47.10579504,46.85543557
89.11862725,71.27101642,24.07566897
23.6743092,27.95135605,32.14215699
89.42666688,81.64299738,26.85347915
53.11952503,56.04861772,39.82070417
15.74582993,12.33661962,10.24660099
30.71693313,36.65677032,24.61622861
34.96055662,37.52852043,21.95944119
28.5962261,27.96370067,12.93366577
36.84658042,37.76996258,35.18627248
33.07677128,45.27601807,18.29306153
38.25347702,58.47417766,31.34034532
37.349713,44.11613502,14.16697173
21.96489337,25.62777657,18.48305427
26.39308912,29.61734644,20.6133687
30.72202379,32.09005894,16.15319045
43.84113013,48.3135369,45.92790319
30.86868939,30.80204952,29.29634483
36.66821444,38.38271728,26.24327355
37.13898523,39.07686335,53.28399296
48.8829378,54.39245076,49.07709451
48.43396435,47.51270976,55.86454675
48.49491769,42.74155122,39.41460412
53.73208882,45.66792782,43.42024757
65.65956517,64.76471721,55.33521789
64.81505536,61.81889842,66.03434056
11.7803723,11.8586048,25.67298944
39.18956931,37.63104314,41.7434356
14.61991189,16.17193001,30.5473332
56.64937351,46.70291215,46.89401203
41.07492955,41.10213146,37.42254309
20.15055387,16.62885519,17.50718687
16.68322234,17.92996785,16.16384128
24.01045984,24.73746677,28.05339435
24.9638801,24.68668943,30.72236206
36.62865902,33.2777546,30.94773015
61.35147521,55.96592548,49.80142088
48.56964181,48.34483841,39.3237144
40.97878669,38.70057394,39.27915718
21.97146948,21.09642623,21.0842548
30.22302592,27.65487638,28.43339487
37.20867822,35.01487256,33.36900151
16.68357642,17.55549523,12.55147131
58.23003828,47.10479942,40.38989081
29.3183644,32.85044009,43.78010777
24.61589335,31.10828858,28.06743475
48.86712744,42.17787808,31.56933347
20.0194252,21.86780015,33.42612203
15.59790619,12.57525539,25.59450702
25.18198637,23.01289047,34.85968158
60.94022824,64.79476503,47.33487276
49.30499862,50.21831248,33.17993303
52.68747918,49.5573981,38.16107854
76.0365786,78.01390885,53.7886084
46.59432013,43.56555154,35.60388941
56.06942239,58.42769956,35.90288948
22.32620927,22.09309394,23.05636744
24.93304915,26.81677733,22.22352614
20.54707882,15.61553943,12.05740272
39.43426469,39.90046142,35.95667598
58.44214192,45.38059948,48.08278199
71.58245204,61.9146082,34.37419165
37.6279767,37.17633177,39.31081808
54.1898572,56.10957868,42.53153371
26.5319555,27.76112723,42.48203759
37.93844748,48.91165019,47.37414855
51.15746939,57.34455777,66.47389374
37.95876386,42.25540493,35.62870198
38.41151535,33.91592956,35.59992004
38.87180269,35.29562945,39.59669128
43.99171978,38.41150534,36.30782522
33.11738516,32.40895556,32.52488177
50.12128465,50.62842852,41.60977246
62.83932411,54.20363416,67.36161243
46.53807746,41.17145856,32.6682111
70.17578756,56.10792382,30.64077299
70.14792126,55.32225658,47.88155787
56.92296857,40.18075414,24.62579633
64.72163442,49.30218588,33.99030654
52.1263943,52.09005027,49.71867529
59.19872168,49.01382617,31.15932786
56.20338403,46.75123082,28.96797681
71.60200569,57.47279877,37.81512613
87.09194937,69.13267405,22.83451553
71.65407957,65.77611379,57.73427363
57.28650825,52.40136748,33.49583285
92.81541435,90.76593796,83.20527481
41.94324034,40.26731977,28.44450105
50.39084582,48.44709301,50.66291771
38.26828035,33.7127899,28.11963543
98.00209669,95.30650457,98.40981867
61.40483924,59.26714713,55.36155167
31.63563014,30.25158673,34.43830912
193.12422452,188.18303758,193.57263973
50.34247824,49.57350494,46.28581104
60.26660319,63.52740333,49.08567264
60.48619138,69.72458499,53.33659031
47.53222519,51.23026713,52.11486962
23.42580456,18.28766502,29.57923412
17.88547093,17.16041889,21.31114271
25.98498138,18.80675057,18.58517133
31.78738447,27.91978331,21.30465776
26.07236993,20.31200479,17.46152399
18.57463272,17.78724334,20.30453382

Menor Distancia,,
Early,Late,Final
46.30911602,55.70586831,25.74128382
52.46586831,50.18174516,28.57580228
43.31712985,38.85856918,26.41737572
43.48837238,42.28390023,15.81918899
56.68477306,53.29269979,42.7987208
44.14639842,44.80902199,25.56307531
37.75603963,33.82973531,24.43120096
46.87904042,38.53967204,33.58047505
52.67201709,60.76647927,41.20310527
50.2187043,47.80039682,26.47015948
30.32877529,32.76081594,31.49888587
50.37554988,54.117446,29.98769062
35.38833567,32.47416204,20.12152496
46.98377439,45.93554177,26.14967958
47.00642372,43.82266304,40.54473334
65.8806314,49.28078781,31.07265862
42.33967244,32.3216157,19.76012046
60.71731624,60.46067914,51.57306539
39.66397178,38.0374703,30.2269312
68.86487394,56.87739519,48.98433417
35.80520123,41.78924033,21.73368907
53.20400878,40.39913636,33.49018358
67.91047108,62.76319924,21.50583917
132.44080147,109.19093061,31.13477768
47.23407763,49.52632779,44.25011352
56.64442896,53.02954391,30.56681422
70.42302041,86.42164721,29.37515405
58.70809902,47.60775769,29.23372283
52.28372924,54.0596818,47.10086898
33.7479087,33.52200074,37.68304319
35.62240256,50.83049102,28.09376412
34.32503412,28.64751389,25.49890761
56.24954268,60.7218645,51.71018766
46.3666436,48.16897971,25.12612731
64.97735202,49.48120922,27.09256042
34.02173272,30.15282363,28.06468032
50.00131031,45.97814731,21.2493784
49.67750491,42.21214005,41.7582365
58.68031184,53.49232743,28.35089632
34.34301641,39.64320183,32.34247982
20.91464752,31.0105707,19.16291643
38.20774477,42.69591786,39.09281154
28.76378722,26.70847448,26.43001527
54.56606436,59.80636205,39.04612657
109.20186134,99.11354271,24.22844496
47.28680555,58.24162226,43.69675133
39.74776043,49.31346423,38.05180964
97.03464389,90.04828612,33.13919981
51.83200968,51.62542813,52.19885422
21.69805336,19.35622113,16.43196737
35.92765249,37.39647516,22.2360415
30.41641846,34.54833545,26.97385245
30.00337984,34.06867985,17.05764122
27.03100756,31.17637913,25.95612201
35.51913888,37.74630842,33.43667013
31.63008333,28.05482516,26.48866652
19.1519789,21.30651961,22.00895544
43.60903043,37.41532494,32.70105789
33.12019435,36.10825115,34.74802467
31.02760297,32.17794834,18.92720138
54.89848149,67.86937329,48.80753961
32.08499646,38.2814156,35.87908161
70.51900972,70.59143741,37.68860028
79.19822114,73.60634845,40.40625629
34.61073419,35.77805156,17.73734191
25.13737313,24.8461849,19.56404978
16.97272696,15.44616136,15.87873489
62.23429318,60.16450097,22.16901008
90.1778847,81.94644332,27.18167191
34.01397674,36.18690503,20.36902091
32.41488274,25.25415637,26.22178705
21.54781133,23.52015468,19.39517136
62.64340481,60.12513445,26.98603925
76.70459201,72.85049613,25.26913073
88.00736367,81.64110894,18.44121914
27.48908442,35.27882254,26.75516201
80.87872163,73.78430249,26.13556919
82.25611795,82.50681611,24.47233588
101.71769515,88.64465326,27.23578988
103.70938813,82.94371262,25.41785571
88.79930998,68.96458913,22.51408913
22.62780046,28.58830284,18.6521496
62.47138261,54.50428065,34.32068974
59.73274172,59.25632251,33.29446302
98.26358775,76.24152234,26.71665738
61.71309182,71.5989469,17.80423093
55.98515842,63.09397813,22.31244299
57.88998058,53.24474437,21.33819741
103.71215879,95.73786522,28.21667356
64.58907047,84.46436937,31.28324643
30.41505199,38.16986519,23.75169991
66.74487115,74.64944166,28.42531523
51.02319602,70.4776084,21.87046742
27.54679058,37.64863568,15.77318194
24.23524635,35.68693395,17.68105671
43.9648564,50.14063393,33.37139153
11.86549243,14.33751855,13.63460774
12.67685397,19.68943256,13.59518247
10.46811367,11.09043578,9.51110158
23.89921153,31.24619093,14.62910088
21.26758793,48.77863363,11.81170206
35.05515687,46.61623844,8.42062452
32.67511282,35.54402839,9.46189314
19.21651782,18.06545142,28.93147498
31.96872629,42.5481467,20.21668921
19.05484711,20.20768381,5.72909549
54.1365532,71.83498361,40.48376301
101.11123604,83.21696913,21.59654296
16.47588815,14.61099395,22.36886561
43.90293841,71.11128452,33.89872776
42.35975851,50.08803501,37.06460151
86.07293164,80.49051025,27.10725533
56.70709779,52.48940116,18.64260387
41.18437451,49.90403823,25.20397156
48.14560477,57.85521314,35.20298865
56.02421425,43.25945175,22.56624572
58.4970686,42.23463623,32.82711564
76.65333221,66.14809653,31.19793437
69.66747015,71.44061411,44.45294474
24.40633443,36.32599214,19.1802838
57.69252252,45.39716623,33.12168985
70.19863551,61.46574138,32.70744365
95.76126565,93.26830533,30.61714015
47.29463227,50.45433049,28.72249661
22.44550189,28.68763437,26.27600257
51.41034045,45.75796572,32.26483331
45.90964747,49.97414716,28.3463726
36.1677768,42.70854506,33.56575843
76.32478132,63.381415,20.25421072
20.81244129,23.14913473,13.22825663
42.79058813,49.40728103,55.54605281
82.24850157,94.92142417,24.36192354
84.23650317,73.67608366,30.49076024
55.4467031,46.69702856,34.28162832
23.14338944,23.78744944,35.02640349
86.50170861,75.4074007,23.64106243
37.8499939,44.69346059,42.17709845
92.08653399,79.72251997,40.49272374
71.18420453,68.00141425,27.47626562
93.59601571,100.81278497,28.39756094
65.55015201,46.3615586,35.49939496
31.4925048,26.15948991,28.14754783
19.74875694,32.55383907,12.05341368
60.80276679,51.40342093,49.58280791
89.68034956,71.55032367,22.57964198
23.51276344,30.64752123,35.25411512
94.39935832,84.27968366,25.88533022
55.32989208,62.59152639,40.4708304
16.69671769,12.83460911,10.7356338
29.86428912,41.17119387,24.84667949
49.53132688,55.91656946,29.81973269
28.48089883,28.57391589,16.99133183
34.50002297,36.15903939,33.33915704
53.13028188,78.10092652,27.94223232
46.88723898,75.28448228,37.53420687
46.49243177,60.76811313,20.6293269
21.9824273,27.89409504,20.52811579
22.50546775,25.28990621,18.2795028
31.99095862,33.56459054,16.33169533
44.27926042,49.95551865,43.13909553
29.45973685,30.58199761,28.61635933
35.23748594,38.02446685,25.25146626
44.16187243,48.66884006,53.52027465
51.85043237,60.61029518,51.77178049
41.354502,41.09376198,49.00084788
47.19690434,44.10625648,37.8696978
54.2532479,45.17861041,42.45223709
63.96646465,62.51637874,53.89041923
63.4277625,62.70943622,67.27511256
13.39561249,13.01230036,26.43615612
38.38826815,37.29598664,43.72818025
15.04473649,16.55846288,31.50719888
64.42688961,52.9291701,50.40195771
40.88790235,40.70273233,36.99925532
20.45115084,16.76444223,17.27010076
17.5098856,18.99190846,16.01209503
25.21587938,25.03717102,27.13775982
24.77614597,25.23867993,29.9302156
38.12328819,35.54757025,33.10799767
58.37769407,53.0741959,47.13862222
49.78293178,50.15394014,42.76915781
40.58584979,38.20110465,40.27719945
20.96392377,17.79185655,18.43406636
26.9534632,24.60373724,26.17015759
34.15791253,33.09987829,34.33000438
18.09473316,18.71199736,12.61326133
56.60742475,46.82898456,40.08546505
28.3994299,33.85513199,43.86313376
24.48158442,31.14515069,27.939173
57.80843316,50.86429601,35.43980335
25.50122583,26.61282436,38.43757376
13.98656213,10.73338313,25.09413154
26.00322837,23.9453441,36.61574677
63.63169506,66.46672004,48.38764844
52.05052963,55.56353923,35.37247559
63.8110847,62.4339523,38.89615646
82.33601238,85.54971472,56.92109623
48.09152225,45.55206566,36.48548741
58.14412095,59.6704688,36.20110557
21.42408729,22.88230624,22.94382289
26.45815902,27.87410448,21.02477678
21.12162395,16.18618413,12.97033427
41.50106275,42.10207183,36.75137098
59.45875689,46.04386261,48.73603916
73.91940789,62.0350102,34.52888258
37.19954898,36.99877797,40.19112315
55.10443857,56.98433689,43.97157454
25.41936967,26.16814247,40.86789562
38.55420029,50.49244019,46.40528296
52.44640976,57.77243756,66.02047859
38.46733991,43.0474128,35.89934455
39.84423678,35.09562274,35.32581253
40.23022233,34.32541942,38.25053487
45.54018967,40.09764474,34.38163177
31.83869129,32.60106656,31.56865566
50.58601196,52.22136023,41.2320182
62.85210157,53.25648062,66.60647847
44.78353317,41.17803003,37.0593876
73.47999902,58.99527681,31.17870728
69.27963468,53.84217259,47.90634311
58.29985685,40.15318154,24.80193445
65.01691828,49.58494396,32.88408433
55.03494613,56.43108835,50.50305746
63.92101529,56.66505951,30.92909591
55.37874402,49.95005365,26.58048825
72.80466437,58.39174368,38.72820006
86.62899538,68.81485928,23.31767634
70.32572265,64.18194833,57.25183089
58.03882352,52.64172494,33.41192496
85.90241887,80.94556834,71.43225486
42.43164405,40.76185045,26.76102391
51.78736271,51.13207694,49.98992205
38.65773697,35.67137977,27.95485879
102.47632589,97.57840052,101.41434278
58.94635557,57.40512889,52.79848963
32.30595156,30.34224224,38.20316399
193.58684397,185.25061049,190.51487943
52.23797964,56.9338221,44.55131705
66.33882543,65.76320395,50.65598675
66.92609027,80.58115625,53.510862
52.55496476,63.61261267,50.03405332
25.3081155,23.08619329,35.37737828
19.25895047,19.06296552,23.82866083
22.35152932,17.3591063,23.59512313
34.32375699,33.36646391,24.8436257
28.78754462,27.33678325,21.92310182
18.91255891,18.4379799,21.8079187

